{
    "$schema": "https://schema.management.azure.com/schemas/2019-04-01/deploymentTemplate.json#",
    "contentVersion": "1.0.0.0",
    "parameters": {
        "workspace": {
            "type": "String",
            "metadata": {
                "description": "The name of the Microsoft Sentinel Log Analytics Workspace"
            }
        }
    },
    "resources": [
        {
            "name": "[concat(parameters('workspace'),'/Microsoft.SecurityInsights/a2d1e28a-3428-4c44-8898-5a143016c98b')]",
            "type": "Microsoft.OperationalInsights/workspaces/providers/alertRules",
            "kind": "Scheduled",
            "apiVersion": "2023-12-01-preview",
            "properties": {
                "displayName": "[Ransomware] Mass File Encryption or Modification",
                "description": "Detects a high volume of file creations, modifications, or renames by a single process within a short time window. This behavior is indicative of ransomware encryption (e.g., looping through files and appending extensions like .locked or .enc).",
                "severity": "High",
                "enabled": true,
                "query": "// [Ransomware] Mass File Encryption/Modification\r\n// Detects >100 file writes/renames by a single process in 5 minutes\r\nlet threshold = 100;\r\nlet timeBin = 5m;\r\nlet SafeProcesses = dynamic([\r\n    \"msiexec.exe\",        // Windows Installer\r\n    \"tiworker.exe\",       // Windows Update\r\n    \"poqexec.exe\",        // Windows Update\r\n    \"git.exe\",            // Developer activity (Optional: tune based on env)\r\n    \"robocopy.exe\"        // Legitimate backups (Optional: tune based on env)\r\n]);\r\nDeviceFileEvents\r\n| where TimeGenerated > ago(1h)\r\n| where ActionType in (\"FileRenamed\", \"FileCreated\", \"FileModified\")\r\n// 1. Filter out System Paths where high volume is normal\r\n| where FolderPath !startswith \"C:\\\\Windows\\\\\" \r\n  and FolderPath !startswith \"C:\\\\ProgramData\\\\Microsoft\\\\\"\r\n  and FolderPath !has \"\\\\AppData\\\\Local\\\\Temp\\\\\"\r\n// 2. Filter out known safe processes\r\n| where InitiatingProcessFileName !in~ (SafeProcesses)\r\n// 3. Summarize activity\r\n| summarize \r\n    FileOperationCount = count(), \r\n    UniqueFolders = dcount(FolderPath), \r\n    SampleFiles = make_list(FileName, 10),\r\n    TargetFolders = make_set(FolderPath, 10)\r\n    by DeviceName, InitiatingProcessFileName, InitiatingProcessCommandLine, InitiatingProcessAccountName, bin(TimeGenerated, timeBin)\r\n// 4. Trigger on high volume\r\n| where FileOperationCount >= threshold\r\n// 5. Calculate modification rate (files per minute approx)\r\n| extend FilesPerMin = FileOperationCount / 5\r\n| project TimeGenerated, DeviceName, InitiatingProcessFileName, InitiatingProcessCommandLine, InitiatingProcessAccountName, FileOperationCount, FilesPerMin, UniqueFolders, SampleFiles, TargetFolders\r\n| extend HostCustomEntity = DeviceName, AccountCustomEntity = InitiatingProcessAccountName, ProcessCustomEntity = InitiatingProcessCommandLine",
                "queryFrequency": "PT5M",
                "queryPeriod": "PT5M",
                "triggerOperator": "GreaterThan",
                "triggerThreshold": 0,
                "suppressionDuration": "PT5H",
                "suppressionEnabled": false,
                "startTimeUtc": null,
                "tactics": [
                    "Impact"
                ],
                "techniques": [
                    "T1486"
                ],
                "subTechniques": [],
                "alertRuleTemplateName": null,
                "incidentConfiguration": {
                    "createIncident": true,
                    "groupingConfiguration": {
                        "enabled": true,
                        "reopenClosedIncident": false,
                        "lookbackDuration": "PT5H",
                        "matchingMethod": "AllEntities",
                        "groupByEntities": [],
                        "groupByAlertDetails": [],
                        "groupByCustomDetails": []
                    }
                },
                "eventGroupingSettings": {
                    "aggregationKind": "SingleAlert"
                },
                "alertDetailsOverride": null,
                "customDetails": null,
                "entityMappings": [
                    {
                        "entityType": "Host",
                        "fieldMappings": [
                            {
                                "identifier": "HostName",
                                "columnName": "HostCustomEntity"
                            }
                        ]
                    },
                    {
                        "entityType": "Account",
                        "fieldMappings": [
                            {
                                "identifier": "Name",
                                "columnName": "AccountCustomEntity"
                            }
                        ]
                    },
                    {
                        "entityType": "Process",
                        "fieldMappings": [
                            {
                                "identifier": "CommandLine",
                                "columnName": "ProcessCustomEntity"
                            }
                        ]
                    }
                ],
                "sentinelEntitiesMappings": null,
                "templateVersion": null
            }
        },
        {
            "name": "[concat(parameters('workspace'),'/Microsoft.SecurityInsights/BYOVD_Driver_Drop')]",
            "type": "Microsoft.OperationalInsights/workspaces/providers/alertRules",
            "kind": "Scheduled",
            "apiVersion": "2023-12-01-preview",
            "properties": {
                "displayName": "[Defense Evasion] BYOVD - Vulnerable Driver Creation",
                "description": "Detects the creation of known vulnerable drivers (e.g., mhyprot2.sys, RTCore64.sys) in suspicious locations. Used to kill EDR.",
                "severity": "High",
                "enabled": true,
                "query": "DeviceFileEvents\r\n| where FileName in~ (\"mhyprot2.sys\", \"RTCore64.sys\", \"gdrv.sys\", \"iqvw64e.sys\", \"ene.sys\", \"WinRing0x64.sys\")\r\n| where FolderPath has_any (\"Temp\", \"Public\", \"ProgramData\", \"Users\")\r\n| project TimeGenerated, DeviceName, InitiatingProcessFileName, FileName, FolderPath",
                "queryFrequency": "PT1H",
                "queryPeriod": "PT1H",
                "triggerOperator": "GreaterThan",
                "triggerThreshold": 0,
                "suppressionDuration": "PT5H",
                "suppressionEnabled": false,
                "startTimeUtc": null,
                "tactics": [
                    "DefenseEvasion"
                ],
                "techniques": [
                    "T1562"
                ],
                "subTechniques": [
                    "T1562.001"
                ],
                "alertRuleTemplateName": null,
                "incidentConfiguration": {
                    "createIncident": true,
                    "groupingConfiguration": {
                        "enabled": false,
                        "reopenClosedIncident": false,
                        "lookbackDuration": "PT5M",
                        "matchingMethod": "AllEntities",
                        "groupByEntities": [],
                        "groupByAlertDetails": null,
                        "groupByCustomDetails": null
                    }
                },
                "eventGroupingSettings": {
                    "aggregationKind": "SingleAlert"
                },
                "alertDetailsOverride": null,
                "customDetails": null,
                "entityMappings": [
                    {
                        "entityType": "Host",
                        "fieldMappings": [
                            {
                                "identifier": "HostName",
                                "columnName": "DeviceName"
                            }
                        ]
                    },
                    {
                        "entityType": "File",
                        "fieldMappings": [
                            {
                                "identifier": "Name",
                                "columnName": "FileName"
                            }
                        ]
                    }
                ],
                "sentinelEntitiesMappings": null,
                "templateVersion": null
            }
        },
        {
            "name": "[concat(parameters('workspace'),'/Microsoft.SecurityInsights/1650c1c9-9263-4c66-84d5-f9008c59f42d')]",
            "type": "Microsoft.OperationalInsights/workspaces/providers/alertRules",
            "kind": "Scheduled",
            "apiVersion": "2023-12-01-preview",
            "properties": {
                "displayName": "LSASS Memory Dump Attempt",
                "description": "Detects known credential dumping tools (Mimikatz, Procdump, Comsvcs) targeting LSASS.",
                "severity": "High",
                "enabled": true,
                "query": "DeviceProcessEvents\r\n| where FileName =~ \"procdump.exe\" or ProcessVersionInfoOriginalFileName =~ \"procdump\"\r\n// Catch dumping of LSASS (Credentials) OR Outlook/Teams (Tokens)\r\n| where ProcessCommandLine has_any (\"lsass\", \"outlook\", \"teams\", \"onedrive\")\r\n| project TimeGenerated, DeviceName, AccountName, FileName, ProcessCommandLine",
                "queryFrequency": "PT1H",
                "queryPeriod": "PT1H",
                "triggerOperator": "GreaterThan",
                "triggerThreshold": 0,
                "suppressionDuration": "PT5H",
                "suppressionEnabled": false,
                "startTimeUtc": null,
                "tactics": [
                    "CredentialAccess"
                ],
                "techniques": [
                    "T1003"
                ],
                "subTechniques": [
                    "T1003.001"
                ],
                "alertRuleTemplateName": null,
                "incidentConfiguration": {
                    "createIncident": true,
                    "groupingConfiguration": {
                        "enabled": true,
                        "reopenClosedIncident": false,
                        "lookbackDuration": "PT1H",
                        "matchingMethod": "AllEntities",
                        "groupByEntities": [],
                        "groupByAlertDetails": [],
                        "groupByCustomDetails": []
                    }
                },
                "eventGroupingSettings": {
                    "aggregationKind": "SingleAlert"
                },
                "alertDetailsOverride": null,
                "customDetails": null,
                "entityMappings": [
                    {
                        "entityType": "Host",
                        "fieldMappings": [
                            {
                                "identifier": "HostName",
                                "columnName": "DeviceName"
                            }
                        ]
                    },
                    {
                        "entityType": "Account",
                        "fieldMappings": [
                            {
                                "identifier": "Name",
                                "columnName": "AccountName"
                            }
                        ]
                    },
                    {
                        "entityType": "Process",
                        "fieldMappings": [
                            {
                                "identifier": "CommandLine",
                                "columnName": "ProcessCommandLine"
                            }
                        ]
                    },
                    {
                        "entityType": "File",
                        "fieldMappings": [
                            {
                                "identifier": "Name",
                                "columnName": "FileName"
                            }
                        ]
                    }
                ],
                "sentinelEntitiesMappings": null,
                "templateVersion": null
            }
        },
        {
            "name": "[concat(parameters('workspace'),'/Microsoft.SecurityInsights/7581d199-5a33-4c75-bf1a-5f32d39486b8')]",
            "type": "Microsoft.OperationalInsights/workspaces/providers/alertRules",
            "kind": "Scheduled",
            "apiVersion": "2023-12-01-preview",
            "properties": {
                "displayName": "Shadow Copy Deletion Attempt",
                "description": "Detects commands used to delete backup data immediately before ransomware encryption.",
                "severity": "High",
                "enabled": true,
                "query": "DeviceProcessEvents\r\n| where FileName has_any (\"vssadmin.exe\", \"wmic.exe\", \"bcdedit.exe\", \"wbadmin.exe\")\r\n| where ProcessCommandLine has_any (\"delete shadows\", \"shadowcopy delete\", \"safeboot\", \"recoveryenabled No\")\r\n| project TimeGenerated, DeviceName, AccountName, ProcessCommandLine, InitiatingProcessFileName",
                "queryFrequency": "PT1H",
                "queryPeriod": "PT1H",
                "triggerOperator": "GreaterThan",
                "triggerThreshold": 0,
                "suppressionDuration": "PT5H",
                "suppressionEnabled": false,
                "startTimeUtc": null,
                "tactics": [
                    "Impact"
                ],
                "techniques": [
                    "T1490"
                ],
                "subTechniques": [],
                "alertRuleTemplateName": null,
                "incidentConfiguration": {
                    "createIncident": true,
                    "groupingConfiguration": {
                        "enabled": true,
                        "reopenClosedIncident": false,
                        "lookbackDuration": "PT5H",
                        "matchingMethod": "AllEntities",
                        "groupByEntities": [],
                        "groupByAlertDetails": [],
                        "groupByCustomDetails": []
                    }
                },
                "eventGroupingSettings": {
                    "aggregationKind": "SingleAlert"
                },
                "alertDetailsOverride": null,
                "customDetails": null,
                "entityMappings": [
                    {
                        "entityType": "Host",
                        "fieldMappings": [
                            {
                                "identifier": "HostName",
                                "columnName": "DeviceName"
                            }
                        ]
                    },
                    {
                        "entityType": "Account",
                        "fieldMappings": [
                            {
                                "identifier": "Name",
                                "columnName": "AccountName"
                            }
                        ]
                    }
                ],
                "sentinelEntitiesMappings": null,
                "templateVersion": null
            }
        },
        {
            "name": "[concat(parameters('workspace'),'/Microsoft.SecurityInsights/6a72b673-a977-4b29-9ddc-c59a7d43c5d9')]",
            "type": "Microsoft.OperationalInsights/workspaces/providers/alertRules",
            "kind": "Scheduled",
            "apiVersion": "2023-12-01-preview",
            "properties": {
                "displayName": "Lateral Movement via Admin Shares (Net Use)",
                "description": "Detects mapping of the hidden C$ or ADMIN$ shares, a hallmark of moving laterally.",
                "severity": "High",
                "enabled": true,
                "query": "let AdminWatchlist = _GetWatchlist('VIP_Admin_Users') | project SearchKey;\r\nDeviceProcessEvents\r\n| where FileName =~ \"net.exe\" or FileName =~ \"net1.exe\"\r\n| where ProcessCommandLine has \"use\"\r\n| where ProcessCommandLine has_any (\"c$\", \"admin$\", \"ipc$\")\r\n| where AccountName !in (AdminWatchlist)\r\n| project TimeGenerated, DeviceName, AccountName, ProcessCommandLine",
                "queryFrequency": "PT1H",
                "queryPeriod": "PT1H",
                "triggerOperator": "GreaterThan",
                "triggerThreshold": 0,
                "suppressionDuration": "PT5H",
                "suppressionEnabled": false,
                "startTimeUtc": null,
                "tactics": [
                    "LateralMovement"
                ],
                "techniques": [
                    "T1021"
                ],
                "subTechniques": [
                    "T1021.002"
                ],
                "alertRuleTemplateName": null,
                "incidentConfiguration": {
                    "createIncident": true,
                    "groupingConfiguration": {
                        "enabled": true,
                        "reopenClosedIncident": false,
                        "lookbackDuration": "PT5H",
                        "matchingMethod": "AllEntities",
                        "groupByEntities": [],
                        "groupByAlertDetails": [],
                        "groupByCustomDetails": []
                    }
                },
                "eventGroupingSettings": {
                    "aggregationKind": "SingleAlert"
                },
                "alertDetailsOverride": null,
                "customDetails": null,
                "entityMappings": [
                    {
                        "entityType": "Host",
                        "fieldMappings": [
                            {
                                "identifier": "HostName",
                                "columnName": "DeviceName"
                            }
                        ]
                    },
                    {
                        "entityType": "Account",
                        "fieldMappings": [
                            {
                                "identifier": "Name",
                                "columnName": "AccountName"
                            }
                        ]
                    }
                ],
                "sentinelEntitiesMappings": null,
                "templateVersion": null
            }
        },
        {
            "name": "[concat(parameters('workspace'),'/Microsoft.SecurityInsights/e1e6eb8b-9489-4036-a8ca-14ffe535c423')]",
            "type": "Microsoft.OperationalInsights/workspaces/providers/alertRules",
            "kind": "Scheduled",
            "apiVersion": "2023-12-01-preview",
            "properties": {
                "displayName": "The \"Master\" Remote Access Tool (RAT) Rule",
                "description": "Potential Unauthorized Remote Access Software (RAT) Detected\nDescription: Detects the presence, execution, or installation of AnyDesk, TeamViewer, or Chrome Remote Desktop. These tools are often used for persistence or data exfiltration.",
                "severity": "High",
                "enabled": true,
                "query": "// Define the list of known RAT filenames\r\nlet RAT_Files = dynamic([\r\n    \"AnyDesk.exe\", \r\n    \"TeamViewer.exe\", \"TeamViewer_Service.exe\", \"tv_w32.exe\", \"tv_x64.exe\",\r\n    \"remoting_host.exe\", \"remoting_start_host.exe\", \"remoting_native_messaging_host.exe\"\r\n]);\r\n// Define the list of command line indicators\r\nlet RAT_Cmds = dynamic([\r\n    \"chromeremotedesktop\", \"--oauth-browser-url\", // Chrome RD\r\n    \"anydesk\", \"--install\", // AnyDesk\r\n    \"teamviewer\", \"assign --device-alias\" // TeamViewer\r\n]);\r\nDeviceProcessEvents\r\n| where TimeGenerated > ago(1h)\r\n// 1. Check for filenames\r\n| where FileName in~ (RAT_Files) \r\n// 2. Check for command line signatures (in case they renamed the file)\r\n   or ProcessCommandLine has_any (RAT_Cmds)\r\n// 3. Exclude your Authorized Admin Servers (using the Watchlist we made earlier)\r\n| where DeviceName !in (_GetWatchlist('Authorized_Admin_Servers'))\r\n| extend DetectedTool = case(\r\n    FileName has \"AnyDesk\", \"AnyDesk\",\r\n    FileName has \"TeamViewer\" or FileName has \"tv_\", \"TeamViewer\",\r\n    FileName has \"remoting\", \"Chrome Remote Desktop\",\r\n    \"Unknown RAT\")\r\n| project TimeGenerated, DeviceName, AccountName, DetectedTool, FileName, ProcessCommandLine, InitiatingProcessCommandLine",
                "queryFrequency": "PT1H",
                "queryPeriod": "PT1H",
                "triggerOperator": "GreaterThan",
                "triggerThreshold": 0,
                "suppressionDuration": "PT5H",
                "suppressionEnabled": false,
                "startTimeUtc": null,
                "tactics": [
                    "CommandAndControl"
                ],
                "techniques": [
                    "T1219"
                ],
                "subTechniques": [],
                "alertRuleTemplateName": null,
                "incidentConfiguration": {
                    "createIncident": true,
                    "groupingConfiguration": {
                        "enabled": true,
                        "reopenClosedIncident": false,
                        "lookbackDuration": "PT12H",
                        "matchingMethod": "AllEntities",
                        "groupByEntities": [],
                        "groupByAlertDetails": [],
                        "groupByCustomDetails": []
                    }
                },
                "eventGroupingSettings": {
                    "aggregationKind": "SingleAlert"
                },
                "alertDetailsOverride": null,
                "customDetails": null,
                "entityMappings": [
                    {
                        "entityType": "Host",
                        "fieldMappings": [
                            {
                                "identifier": "HostName",
                                "columnName": "DeviceName"
                            }
                        ]
                    },
                    {
                        "entityType": "Account",
                        "fieldMappings": [
                            {
                                "identifier": "Name",
                                "columnName": "AccountName"
                            }
                        ]
                    },
                    {
                        "entityType": "Process",
                        "fieldMappings": [
                            {
                                "identifier": "CommandLine",
                                "columnName": "ProcessCommandLine"
                            }
                        ]
                    }
                ],
                "sentinelEntitiesMappings": null,
                "templateVersion": null
            }
        },
        {
            "name": "[concat(parameters('workspace'),'/Microsoft.SecurityInsights/e9d9d6a6-1157-449b-a043-2bcd5934b9d6')]",
            "type": "Microsoft.OperationalInsights/workspaces/providers/alertRules",
            "kind": "Scheduled",
            "apiVersion": "2023-12-01-preview",
            "properties": {
                "displayName": "[Ransomware] Unified Precursor Detection (Shadows, Evasion, Exfil)",
                "description": "Detects high-fidelity indicators of imminent ransomware: Shadow Copy deletion, Security Service tampering, or known Exfiltration tools.",
                "severity": "High",
                "enabled": true,
                "query": "// Define the timeframe for the hunt\r\nlet TimeFrame = 24h;\r\nDeviceProcessEvents\r\n| where TimeGenerated > ago(TimeFrame)\r\n| where \r\n    // --- SIGNAL 1: Shadow Copy & Backup Deletion (The \"Inhibition\" Phase) ---\r\n    (\r\n        FileName has_any (\"vssadmin.exe\", \"wmic.exe\", \"bcdedit.exe\", \"wbadmin.exe\", \"diskshadow.exe\")\r\n        and ProcessCommandLine has_any (\r\n            \"delete shadows\", \"shadowcopy delete\", \"safeboot\", \"recoveryenabled No\", \r\n            \"delete catalog\", \"quiet\", \"/fs =\", \"resize shadowstorage\"\r\n        )\r\n    )\r\n    or\r\n    // --- SIGNAL 2: Impairing Defenses & Service Killing (The \"Evasion\" Phase) ---\r\n    (\r\n        // Tampering with Defender\r\n        (ProcessCommandLine has \"Set-MpPreference\" and ProcessCommandLine has_any (\"DisableRealtimeMonitoring\", \"DisableIOAVProtection\", \"ExclusionPath\"))\r\n        or\r\n        // Killing Security/System Processes (Aggressive usage)\r\n        (FileName =~ \"taskkill.exe\" and ProcessCommandLine has \"/f\" and ProcessCommandLine has_any (\"MsMpEng\", \"rsengine\", \"sysmon\", \"cb.exe\", \"falcon.exe\"))\r\n        or\r\n        // Stopping Services (Looking for Security/Backup service names)\r\n        ((FileName =~ \"sc.exe\" or FileName =~ \"net.exe\") and ProcessCommandLine has \"stop\" and ProcessCommandLine has_any (\"windefend\", \"sophos\", \"carbonblack\", \"backup\", \"veeam\"))\r\n    )\r\n    or\r\n    // --- SIGNAL 3: Data Exfiltration Tools (The \"Theft\" Phase) ---\r\n    (\r\n        FileName has_any (\"rclone.exe\", \"megasync.exe\", \"filezilla.exe\", \"winscp.exe\", \"restic.exe\")\r\n        or \r\n        // Catching renamed Rclone by its common flags\r\n        (ProcessCommandLine has \"copy\" and ProcessCommandLine has_any (\"--transfers\", \"--no-check-certificate\", \"--ignore-existing\", \"mega:\", \"drive:\"))\r\n    )\r\n// Categorize the results for the dashboard\r\n| extend ThreatCategory = case(\r\n    ProcessCommandLine has_any (\"shadow\", \"safeboot\", \"recoveryenabled\", \"wbadmin\"), \"Ransomware Precursor (Backup Deletion)\",\r\n    ProcessCommandLine has_any (\"DisableRealtimeMonitoring\", \"taskkill\", \"stop\"), \"Defense Evasion (Security Service Kill)\",\r\n    FileName has_any (\"rclone\", \"mega\", \"filezilla\", \"winscp\", \"restic\"), \"Data Exfiltration Tooling\",\r\n    \"Suspicious Activity\"\r\n)\r\n| project TimeGenerated, DeviceName, AccountName, ThreatCategory, FileName, ProcessCommandLine, InitiatingProcessFileName\r\n| sort by TimeGenerated desc",
                "queryFrequency": "PT1H",
                "queryPeriod": "PT1H",
                "triggerOperator": "GreaterThan",
                "triggerThreshold": 0,
                "suppressionDuration": "PT5H",
                "suppressionEnabled": false,
                "startTimeUtc": null,
                "tactics": [
                    "Impact",
                    "DefenseEvasion",
                    "Exfiltration"
                ],
                "techniques": [
                    "T1490",
                    "T1562",
                    "T1567"
                ],
                "subTechniques": [
                    "T1562.001",
                    "T1567.002"
                ],
                "alertRuleTemplateName": null,
                "incidentConfiguration": {
                    "createIncident": true,
                    "groupingConfiguration": {
                        "enabled": true,
                        "reopenClosedIncident": false,
                        "lookbackDuration": "PT1H",
                        "matchingMethod": "AllEntities",
                        "groupByEntities": [],
                        "groupByAlertDetails": [],
                        "groupByCustomDetails": []
                    }
                },
                "eventGroupingSettings": {
                    "aggregationKind": "SingleAlert"
                },
                "alertDetailsOverride": {
                    "alertDynamicProperties": []
                },
                "customDetails": null,
                "entityMappings": [
                    {
                        "entityType": "Host",
                        "fieldMappings": [
                            {
                                "identifier": "HostName",
                                "columnName": "DeviceName"
                            }
                        ]
                    },
                    {
                        "entityType": "Account",
                        "fieldMappings": [
                            {
                                "identifier": "Name",
                                "columnName": "AccountName"
                            }
                        ]
                    }
                ],
                "sentinelEntitiesMappings": null,
                "templateVersion": null
            }
        },
        {
            "name": "[concat(parameters('workspace'),'/Microsoft.SecurityInsights/320bd89d-03d8-41fd-89b7-7881675c8071')]",
            "type": "Microsoft.OperationalInsights/workspaces/providers/alertRules",
            "kind": "Scheduled",
            "apiVersion": "2023-12-01-preview",
            "properties": {
                "displayName": "Stopping multiple processes using taskkill",
                "description": "This query checks for attempts to stop at least 10 separate processes using the taskkill.exe utility. This is a common technique used by ransomware to stop security products and other processes.",
                "severity": "Medium",
                "enabled": true,
                "query": "// Find attempts to stop processes using taskkill.exe\nDeviceProcessEvents\n| where FileName =~ \"taskkill.exe\" \n| summarize taskKillCount = dcount(ProcessCommandLine), TaskKillList = make_set(ProcessCommandLine, 10000) by DeviceId, DeviceName, bin(TimeGenerated, 2m)\n| where taskKillCount > 10\n| extend HostName = iff(DeviceName has '.', substring(DeviceName, 0, indexof(DeviceName, '.')), DeviceName)\n| extend DnsDomain = iff(DeviceName has '.', substring(DeviceName, indexof(DeviceName, '.') + 1), \"\")\n",
                "queryFrequency": "PT1H",
                "queryPeriod": "PT1H",
                "triggerOperator": "GreaterThan",
                "triggerThreshold": 0,
                "suppressionDuration": "PT1H",
                "suppressionEnabled": false,
                "startTimeUtc": null,
                "tactics": [
                    "DefenseEvasion"
                ],
                "techniques": [
                    "T1562"
                ],
                "subTechniques": [
                    "T1562.001"
                ],
                "alertRuleTemplateName": "4dd31bd5-11a3-4b9c-a7c5-4927ab4f2a77",
                "incidentConfiguration": {
                    "createIncident": true,
                    "groupingConfiguration": {
                        "enabled": true,
                        "reopenClosedIncident": false,
                        "lookbackDuration": "PT5H",
                        "matchingMethod": "AllEntities",
                        "groupByEntities": [],
                        "groupByAlertDetails": [],
                        "groupByCustomDetails": []
                    }
                },
                "eventGroupingSettings": {
                    "aggregationKind": "SingleAlert"
                },
                "alertDetailsOverride": null,
                "customDetails": null,
                "entityMappings": [
                    {
                        "entityType": "Host",
                        "fieldMappings": [
                            {
                                "identifier": "FullName",
                                "columnName": "DeviceName"
                            },
                            {
                                "identifier": "HostName",
                                "columnName": "HostName"
                            },
                            {
                                "identifier": "DnsDomain",
                                "columnName": "DnsDomain"
                            }
                        ]
                    }
                ],
                "sentinelEntitiesMappings": null,
                "templateVersion": "1.0.0"
            }
        },
        {
            "name": "[concat(parameters('workspace'),'/Microsoft.SecurityInsights/3fcfd1d5-7217-4667-8126-8b7b82e99be2')]",
            "type": "Microsoft.OperationalInsights/workspaces/providers/alertRules",
            "kind": "Scheduled",
            "apiVersion": "2023-12-01-preview",
            "properties": {
                "displayName": "Potential Ransomware activity related to Cobalt Strike",
                "description": "This query searches for alerts related to suspected ransomware and Cobalt Strike activity, a tool used in numerous ransomware campaigns. It looks for alerts that indicate potential ransomware activity, such as attempts to clear security event logs, delete backup files, and execute Cobalt Strike malware.",
                "severity": "High",
                "enabled": true,
                "query": "// Look for sc.exe disabling services\nAlertInfo \n// Attempts to clear security event logs. \n| where Title in(\"Event log was cleared\", \n// List alerts flagging attempts to delete backup files. \n\"File backups were deleted\", \n// Potential Cobalt Strike activity - Note that other threat activity can also \n// trigger alerts for suspicious decoded content \n\"Suspicious decoded content\", \n// Cobalt Strike activity \n\"\\'Atosev\\' malware was detected\", \n\"\\'Ploty\\' malware was detected\", \n\"\\'Bynoco\\' malware was detected\",\n\"\\'Cobaltstrike\\' malware was detected\",\n\"Echo command over pipe on localhost\",\n\"Known attack framework activity was observed\",\n\"An active \\'Cobaltstrike\\' malware was detected\",\n\"Suspicious \\'CobaltStrike\\' behavior was prevented\",\n\"Suspicious process launch by Rundll32.exe\") \n| extend AlertTime = TimeGenerated | distinct AlertTime, AlertId, Title \n| join AlertEvidence on $left.AlertId == $right.AlertId\n| summarize by DeviceId, AlertTime, Title, AlertId\n// Get device IDs\n| join DeviceLogonEvents on $left.DeviceId == $right.DeviceId \n// Creating 10 day Window surrounding alert activity \n| where TimeGenerated < AlertTime + 12h and TimeGenerated > AlertTime - 12h // Projecting specific columns \n| project Title, DeviceName, DeviceId, TimeGenerated, LogonType, AccountDomain, AccountName, AccountSid, AlertTime, AlertId, RemoteIP, RemoteDeviceName\n| extend AccountFullName = tostring(strcat(AccountDomain, \"\\\\\", AccountName))\n| extend HostName = iff(DeviceName has '.', substring(DeviceName, 0, indexof(DeviceName, '.')), DeviceName)\n| extend DnsDomain = iff(DeviceName has '.', substring(DeviceName, indexof(DeviceName, '.') + 1), \"\")\n",
                "queryFrequency": "P1D",
                "queryPeriod": "P1D",
                "triggerOperator": "GreaterThan",
                "triggerThreshold": 0,
                "suppressionDuration": "PT1H",
                "suppressionEnabled": false,
                "startTimeUtc": null,
                "tactics": [
                    "Execution",
                    "Persistence",
                    "DefenseEvasion",
                    "Impact"
                ],
                "techniques": [
                    "T1059",
                    "T1078",
                    "T1070",
                    "T1490"
                ],
                "subTechniques": [
                    "T1059.001",
                    "T1070.001"
                ],
                "alertRuleTemplateName": "4bd9ce9d-8586-4beb-8fdb-bd018cacbe7d",
                "incidentConfiguration": {
                    "createIncident": true,
                    "groupingConfiguration": {
                        "enabled": true,
                        "reopenClosedIncident": false,
                        "lookbackDuration": "PT5H",
                        "matchingMethod": "AllEntities",
                        "groupByEntities": [],
                        "groupByAlertDetails": [],
                        "groupByCustomDetails": []
                    }
                },
                "eventGroupingSettings": {
                    "aggregationKind": "SingleAlert"
                },
                "alertDetailsOverride": null,
                "customDetails": null,
                "entityMappings": [
                    {
                        "entityType": "Host",
                        "fieldMappings": [
                            {
                                "identifier": "FullName",
                                "columnName": "DeviceName"
                            },
                            {
                                "identifier": "HostName",
                                "columnName": "HostName"
                            },
                            {
                                "identifier": "DnsDomain",
                                "columnName": "DnsDomain"
                            }
                        ]
                    },
                    {
                        "entityType": "Account",
                        "fieldMappings": [
                            {
                                "identifier": "FullName",
                                "columnName": "AccountFullName"
                            },
                            {
                                "identifier": "Name",
                                "columnName": "AccountName"
                            },
                            {
                                "identifier": "DnsDomain",
                                "columnName": "AccountDomain"
                            }
                        ]
                    },
                    {
                        "entityType": "IP",
                        "fieldMappings": [
                            {
                                "identifier": "Address",
                                "columnName": "RemoteIP"
                            }
                        ]
                    }
                ],
                "sentinelEntitiesMappings": null,
                "templateVersion": "1.0.1"
            }
        },
        {
            "name": "[concat(parameters('workspace'),'/Microsoft.SecurityInsights/ea251d76-b4b3-4e88-b398-666ce062b5bc')]",
            "type": "Microsoft.OperationalInsights/workspaces/providers/alertRules",
            "kind": "Scheduled",
            "apiVersion": "2023-12-01-preview",
            "properties": {
                "displayName": "Clearing of forensic evidence from event logs using wevtutil",
                "description": "This query checks for attempts to clear at least 10 log entries from event logs using wevtutil. Clearing event logs can be a sign of ransomware activity, as ransomware often attempts to cover its tracks by deleting logs.",
                "severity": "High",
                "enabled": true,
                "query": "// Look for use of wevtutil to clear multiple logs\nDeviceProcessEvents\n| where ProcessCommandLine has \"WEVTUTIL\" and ProcessCommandLine has \"CL\"\n| summarize LogClearCount = dcount(tostring(ProcessCommandLine)), ClearedLogList = make_set(ProcessCommandLine, 100000) by DeviceId, DeviceName, bin(TimeGenerated, 5m)\n| where LogClearCount > 10\n| extend HostName = iff(DeviceName has '.', substring(DeviceName, 0, indexof(DeviceName, '.')), DeviceName)\n| extend DnsDomain = iff(DeviceName has '.', substring(DeviceName, indexof(DeviceName, '.') + 1), \"\")\n",
                "queryFrequency": "P1D",
                "queryPeriod": "P1D",
                "triggerOperator": "GreaterThan",
                "triggerThreshold": 0,
                "suppressionDuration": "PT1H",
                "suppressionEnabled": false,
                "startTimeUtc": null,
                "tactics": [
                    "DefenseEvasion"
                ],
                "techniques": [
                    "T1070"
                ],
                "subTechniques": [
                    "T1070.001"
                ],
                "alertRuleTemplateName": "515d0bba-b297-4f83-8280-20ff7f27ecb1",
                "incidentConfiguration": {
                    "createIncident": true,
                    "groupingConfiguration": {
                        "enabled": true,
                        "reopenClosedIncident": false,
                        "lookbackDuration": "PT5H",
                        "matchingMethod": "AllEntities",
                        "groupByEntities": [],
                        "groupByAlertDetails": [],
                        "groupByCustomDetails": []
                    }
                },
                "eventGroupingSettings": {
                    "aggregationKind": "SingleAlert"
                },
                "alertDetailsOverride": null,
                "customDetails": null,
                "entityMappings": [
                    {
                        "entityType": "Host",
                        "fieldMappings": [
                            {
                                "identifier": "FullName",
                                "columnName": "DeviceName"
                            },
                            {
                                "identifier": "HostName",
                                "columnName": "HostName"
                            },
                            {
                                "identifier": "DnsDomain",
                                "columnName": "DnsDomain"
                            }
                        ]
                    }
                ],
                "sentinelEntitiesMappings": null,
                "templateVersion": "1.0.0"
            }
        },
        {
            "name": "[concat(parameters('workspace'),'/Microsoft.SecurityInsights/31cf3f3b-f760-4447-98e3-16ee1d542bcb')]",
            "type": "Microsoft.OperationalInsights/workspaces/providers/alertRules",
            "kind": "Scheduled",
            "apiVersion": "2023-12-01-preview",
            "properties": {
                "displayName": "[Exfiltration] MEGAsync or MEGAcmd Usage Detected",
                "description": "Detects the presence or execution of MEGA cloud storage tools. These are frequently used by ransomware groups to exfiltrate data before encryption.",
                "severity": "Medium",
                "enabled": true,
                "query": "DeviceNetworkEvents\r\n| where RemoteUrl has_any (\"mega.nz\", \"mega.co.nz\", \"mega.io\")\r\n| project TimeGenerated, DeviceName, InitiatingProcessFileName, RemoteUrl, RemoteIP",
                "queryFrequency": "PT1H",
                "queryPeriod": "PT1H",
                "triggerOperator": "GreaterThan",
                "triggerThreshold": 0,
                "suppressionDuration": "PT5H",
                "suppressionEnabled": false,
                "startTimeUtc": null,
                "tactics": [
                    "Exfiltration"
                ],
                "techniques": [
                    "T1567"
                ],
                "subTechniques": [
                    "T1567.002"
                ],
                "alertRuleTemplateName": null,
                "incidentConfiguration": {
                    "createIncident": true,
                    "groupingConfiguration": {
                        "enabled": true,
                        "reopenClosedIncident": false,
                        "lookbackDuration": "P1D",
                        "matchingMethod": "AllEntities",
                        "groupByEntities": [],
                        "groupByAlertDetails": [],
                        "groupByCustomDetails": []
                    }
                },
                "eventGroupingSettings": {
                    "aggregationKind": "SingleAlert"
                },
                "alertDetailsOverride": null,
                "customDetails": null,
                "entityMappings": [
                    {
                        "entityType": "Host",
                        "fieldMappings": [
                            {
                                "identifier": "HostName",
                                "columnName": "DeviceName"
                            }
                        ]
                    }
                ],
                "sentinelEntitiesMappings": null,
                "templateVersion": null
            }
        },
        {
            "name": "[concat(parameters('workspace'),'/Microsoft.SecurityInsights/c1880e52-92b0-40f3-a565-3d09e986a610')]",
            "type": "Microsoft.OperationalInsights/workspaces/providers/alertRules",
            "kind": "Scheduled",
            "apiVersion": "2023-12-01-preview",
            "properties": {
                "displayName": "[C2] Offensive Frameworks (Cobalt Strike, Sliver, Metasploit)",
                "description": "Target: Detects the presence of known \"Red Team\" frameworks often used by adversaries. Technique: Naming conventions for default payloads, named pipes, and common process arguments.",
                "severity": "High",
                "enabled": true,
                "query": "DeviceProcessEvents\r\n| where \r\n    // 1. Cobalt Strike / Metasploit / Sliver default file names (often renamed, but low hanging fruit)\r\n    FileName has_any (\"beacon.exe\", \"sliver.exe\", \"bruteratel.exe\", \"meterpreter.exe\", \"artifact.exe\", \"payload.exe\")\r\n    or\r\n    // 2. Suspicious Named Pipes (A strong indicator of C2 injection)\r\n    // Note: Requires DeviceEvents table for PipeCreated, but ProcessCommandLine sometimes leaks it\r\n    ProcessCommandLine has_any (\"msagent_\", \"mojo.5688\", \"postex_\")\r\n    or\r\n    // 3. Sliver / Metasploit specific command flags\r\n    (ProcessCommandLine has \"sliver\" and ProcessCommandLine has_any (\"--daemon\", \"mtls\", \"wg\"))\r\n    or\r\n    (ProcessCommandLine has \"meterpreter\" or ProcessCommandLine has \"reverse_tcp\")\r\n| project TimeGenerated, DeviceName, AccountName, FileName, ProcessCommandLine, InitiatingProcessFileName",
                "queryFrequency": "PT5H",
                "queryPeriod": "PT5H",
                "triggerOperator": "GreaterThan",
                "triggerThreshold": 0,
                "suppressionDuration": "PT5H",
                "suppressionEnabled": false,
                "startTimeUtc": null,
                "tactics": [
                    "CommandAndControl"
                ],
                "techniques": [
                    "T1090",
                    "T1219"
                ],
                "subTechniques": [],
                "alertRuleTemplateName": null,
                "incidentConfiguration": {
                    "createIncident": true,
                    "groupingConfiguration": {
                        "enabled": true,
                        "reopenClosedIncident": false,
                        "lookbackDuration": "PT5H",
                        "matchingMethod": "AllEntities",
                        "groupByEntities": [],
                        "groupByAlertDetails": [],
                        "groupByCustomDetails": []
                    }
                },
                "eventGroupingSettings": {
                    "aggregationKind": "SingleAlert"
                },
                "alertDetailsOverride": null,
                "customDetails": null,
                "entityMappings": [
                    {
                        "entityType": "Host",
                        "fieldMappings": [
                            {
                                "identifier": "HostName",
                                "columnName": "DeviceName"
                            }
                        ]
                    },
                    {
                        "entityType": "Account",
                        "fieldMappings": [
                            {
                                "identifier": "Name",
                                "columnName": "AccountName"
                            }
                        ]
                    }
                ],
                "sentinelEntitiesMappings": null,
                "templateVersion": null
            }
        },
        {
            "name": "[concat(parameters('workspace'),'/Microsoft.SecurityInsights/29c06d6d-211f-4835-8575-e855684afae2')]",
            "type": "Microsoft.OperationalInsights/workspaces/providers/alertRules",
            "kind": "Scheduled",
            "apiVersion": "2023-12-01-preview",
            "properties": {
                "displayName": "[RMM] ConnectWise ScreenConnect & AnyDesk",
                "description": "[RMM] Unauthorized Remote Access Tool Usage",
                "severity": "High",
                "enabled": true,
                "query": "DeviceProcessEvents\r\n| where \r\n    // 1. ConnectWise ScreenConnect (Look for ClientService execution)\r\n    (FileName =~ \"ScreenConnect.ClientService.exe\" or FileName =~ \"ScreenConnect.WindowsClient.exe\")\r\n    or\r\n    // 2. AnyDesk (Standard and Portable)\r\n    (FileName =~ \"anydesk.exe\" or ProcessCommandLine has \"anydesk\")\r\n    or\r\n    // 3. TeamViewer (Common Persistence)\r\n    (FileName in~ (\"teamviewer.exe\", \"teamviewer_service.exe\") or ProcessCommandLine has \"teamviewer\")\r\n// Filter: Exclude known safe paths if you use these tools legitimately\r\n| where FolderPath !startswith \"C:\\\\Program Files\\\\ScreenConnect\" \r\n| project TimeGenerated, DeviceName, AccountName, FileName, ProcessCommandLine, FolderPath",
                "queryFrequency": "PT5H",
                "queryPeriod": "PT5H",
                "triggerOperator": "GreaterThan",
                "triggerThreshold": 0,
                "suppressionDuration": "PT5H",
                "suppressionEnabled": false,
                "startTimeUtc": null,
                "tactics": [
                    "Persistence",
                    "CommandAndControl"
                ],
                "techniques": [
                    "T1219"
                ],
                "subTechniques": [],
                "alertRuleTemplateName": null,
                "incidentConfiguration": {
                    "createIncident": true,
                    "groupingConfiguration": {
                        "enabled": true,
                        "reopenClosedIncident": false,
                        "lookbackDuration": "PT5H",
                        "matchingMethod": "AllEntities",
                        "groupByEntities": [],
                        "groupByAlertDetails": [],
                        "groupByCustomDetails": []
                    }
                },
                "eventGroupingSettings": {
                    "aggregationKind": "SingleAlert"
                },
                "alertDetailsOverride": null,
                "customDetails": null,
                "entityMappings": null,
                "sentinelEntitiesMappings": null,
                "templateVersion": null
            }
        },
        {
            "name": "[concat(parameters('workspace'),'/Microsoft.SecurityInsights/09f2c0b1-665a-4e2b-803c-7497b8f3fae8')]",
            "type": "Microsoft.OperationalInsights/workspaces/providers/alertRules",
            "kind": "Scheduled",
            "apiVersion": "2023-12-01-preview",
            "properties": {
                "displayName": "Cobalt Strike (Lateral Movement)",
                "description": "Technique: Named Pipe Impersonation (T1570) Logic: Cobalt Strike often uses default named pipes for SMB communication between beacons.",
                "severity": "High",
                "enabled": true,
                "query": "// Detects default or suspicious Named Pipes associated with Cobalt Strike\r\nlet SuspiciousPipes = dynamic([\"\\\\msagent_\", \"\\\\postex_ssh_\", \"\\\\status_\", \"\\\\mypipe-f\", \"\\\\mojo.5688.8052.\"]);\r\nDeviceEvents\r\n| where ActionType == \"NamedPipeCreated\"\r\n| where FolderPath has_any (SuspiciousPipes)\r\n| project TimeGenerated, DeviceName, InitiatingProcessFileName, FolderPath, AccountName\r\n| extend Timestamp = TimeGenerated, HostCustomEntity = DeviceName, AccountCustomEntity = AccountName",
                "queryFrequency": "PT1H",
                "queryPeriod": "PT1H",
                "triggerOperator": "GreaterThan",
                "triggerThreshold": 0,
                "suppressionDuration": "PT5H",
                "suppressionEnabled": false,
                "startTimeUtc": null,
                "tactics": [
                    "LateralMovement"
                ],
                "techniques": [
                    "T1570",
                    "T1021"
                ],
                "subTechniques": [
                    "T1021.002"
                ],
                "alertRuleTemplateName": null,
                "incidentConfiguration": {
                    "createIncident": true,
                    "groupingConfiguration": {
                        "enabled": true,
                        "reopenClosedIncident": false,
                        "lookbackDuration": "PT5H",
                        "matchingMethod": "AllEntities",
                        "groupByEntities": [],
                        "groupByAlertDetails": [],
                        "groupByCustomDetails": []
                    }
                },
                "eventGroupingSettings": {
                    "aggregationKind": "SingleAlert"
                },
                "alertDetailsOverride": null,
                "customDetails": null,
                "entityMappings": [
                    {
                        "entityType": "Host",
                        "fieldMappings": [
                            {
                                "identifier": "HostName",
                                "columnName": "DeviceName"
                            }
                        ]
                    },
                    {
                        "entityType": "Account",
                        "fieldMappings": [
                            {
                                "identifier": "Name",
                                "columnName": "AccountName"
                            }
                        ]
                    }
                ],
                "sentinelEntitiesMappings": null,
                "templateVersion": null
            }
        },
        {
            "name": "[concat(parameters('workspace'),'/Microsoft.SecurityInsights/ee7ab8c0-1a58-44c2-94ca-fa9b051e59cf')]",
            "type": "Microsoft.OperationalInsights/workspaces/providers/alertRules",
            "kind": "Scheduled",
            "apiVersion": "2023-12-01-preview",
            "properties": {
                "displayName": "Mimikatz (Credential Access)",
                "description": "OS Credential Dumping (T1003) Logic: Detects the specific command line arguments used to dump credentials or process access to LSASS.",
                "severity": "High",
                "enabled": true,
                "query": "// Detects known Mimikatz command line arguments\r\nDeviceProcessEvents\r\n| where ProcessCommandLine has_any (\r\n    \"sekurlsa::logonpasswords\", \r\n    \"lsadump::lsa\", \r\n    \"lsadump::sam\", \r\n    \"kerberos::list\", \r\n    \"privilege::debug\"\r\n)\r\n| project TimeGenerated, DeviceName, AccountName, FileName, ProcessCommandLine, InitiatingProcessFileName",
                "queryFrequency": "PT1H",
                "queryPeriod": "PT1H",
                "triggerOperator": "GreaterThan",
                "triggerThreshold": 0,
                "suppressionDuration": "PT5H",
                "suppressionEnabled": false,
                "startTimeUtc": null,
                "tactics": [
                    "CredentialAccess"
                ],
                "techniques": [
                    "T1003"
                ],
                "subTechniques": [
                    "T1003.001"
                ],
                "alertRuleTemplateName": null,
                "incidentConfiguration": {
                    "createIncident": true,
                    "groupingConfiguration": {
                        "enabled": true,
                        "reopenClosedIncident": false,
                        "lookbackDuration": "PT5H",
                        "matchingMethod": "AllEntities",
                        "groupByEntities": [],
                        "groupByAlertDetails": [],
                        "groupByCustomDetails": []
                    }
                },
                "eventGroupingSettings": {
                    "aggregationKind": "SingleAlert"
                },
                "alertDetailsOverride": null,
                "customDetails": null,
                "entityMappings": [
                    {
                        "entityType": "Host",
                        "fieldMappings": [
                            {
                                "identifier": "HostName",
                                "columnName": "DeviceName"
                            }
                        ]
                    },
                    {
                        "entityType": "Account",
                        "fieldMappings": [
                            {
                                "identifier": "Name",
                                "columnName": "AccountName"
                            }
                        ]
                    }
                ],
                "sentinelEntitiesMappings": null,
                "templateVersion": null
            }
        },
        {
            "name": "[concat(parameters('workspace'),'/Microsoft.SecurityInsights/4207064f-1b3d-49b7-bffb-7ad1d7c38066')]",
            "type": "Microsoft.OperationalInsights/workspaces/providers/alertRules",
            "kind": "Scheduled",
            "apiVersion": "2023-12-01-preview",
            "properties": {
                "displayName": "Rclone (Exfiltration)",
                "description": "Exfiltration to Cloud Storage (T1567.002) Logic: Ransomware groups rename Rclone (e.g., to svchost.exe), but they can't easily hide the command line configuration flags.",
                "severity": "High",
                "enabled": true,
                "query": "// Detects Rclone config and copy commands even if the binary is renamed\r\nDeviceProcessEvents\r\n| where ProcessCommandLine has \"copy\" or ProcessCommandLine has \"sync\" or ProcessCommandLine has \"config\"\r\n| where ProcessCommandLine has_any (\r\n    \"--no-check-certificate\", \r\n    \"--ignore-existing\", \r\n    \"--transfers\", \r\n    \"--auto-confirm\", \r\n    \"mega:\", \r\n    \"gdrive:\"\r\n)\r\n| project TimeGenerated, DeviceName, AccountName, FileName, ProcessCommandLine, InitiatingProcessFileName",
                "queryFrequency": "PT1H",
                "queryPeriod": "PT1H",
                "triggerOperator": "GreaterThan",
                "triggerThreshold": 0,
                "suppressionDuration": "PT5H",
                "suppressionEnabled": false,
                "startTimeUtc": null,
                "tactics": [
                    "Exfiltration"
                ],
                "techniques": [
                    "T1567"
                ],
                "subTechniques": [
                    "T1567.002"
                ],
                "alertRuleTemplateName": null,
                "incidentConfiguration": {
                    "createIncident": true,
                    "groupingConfiguration": {
                        "enabled": true,
                        "reopenClosedIncident": false,
                        "lookbackDuration": "PT5H",
                        "matchingMethod": "AllEntities",
                        "groupByEntities": [],
                        "groupByAlertDetails": [],
                        "groupByCustomDetails": []
                    }
                },
                "eventGroupingSettings": {
                    "aggregationKind": "SingleAlert"
                },
                "alertDetailsOverride": null,
                "customDetails": null,
                "entityMappings": [
                    {
                        "entityType": "Host",
                        "fieldMappings": [
                            {
                                "identifier": "HostName",
                                "columnName": "DeviceName"
                            }
                        ]
                    },
                    {
                        "entityType": "Account",
                        "fieldMappings": [
                            {
                                "identifier": "Name",
                                "columnName": "AccountName"
                            }
                        ]
                    }
                ],
                "sentinelEntitiesMappings": null,
                "templateVersion": null
            }
        },
        {
            "name": "[concat(parameters('workspace'),'/Microsoft.SecurityInsights/1d986158-960e-4da4-abe6-2f88ff1c8a8a')]",
            "type": "Microsoft.OperationalInsights/workspaces/providers/alertRules",
            "kind": "Scheduled",
            "apiVersion": "2023-12-01-preview",
            "properties": {
                "displayName": "GMER (Defense Evasion)",
                "description": "Impair Defenses (T1562.001) Logic: GMER is used to scan for and kill security hooks.",
                "severity": "High",
                "enabled": true,
                "query": "// Detects GMER execution\r\nDeviceProcessEvents\r\n| where FileName =~ \"gmer.exe\" or ProcessVersionInfoOriginalFileName =~ \"gmer.exe\"\r\n| project TimeGenerated, DeviceName, AccountName, ProcessCommandLine",
                "queryFrequency": "PT1H",
                "queryPeriod": "PT1H",
                "triggerOperator": "GreaterThan",
                "triggerThreshold": 0,
                "suppressionDuration": "PT5H",
                "suppressionEnabled": false,
                "startTimeUtc": null,
                "tactics": [
                    "DefenseEvasion"
                ],
                "techniques": [
                    "T1562"
                ],
                "subTechniques": [
                    "T1562.001"
                ],
                "alertRuleTemplateName": null,
                "incidentConfiguration": {
                    "createIncident": true,
                    "groupingConfiguration": {
                        "enabled": true,
                        "reopenClosedIncident": false,
                        "lookbackDuration": "PT5H",
                        "matchingMethod": "AllEntities",
                        "groupByEntities": [],
                        "groupByAlertDetails": [],
                        "groupByCustomDetails": []
                    }
                },
                "eventGroupingSettings": {
                    "aggregationKind": "SingleAlert"
                },
                "alertDetailsOverride": null,
                "customDetails": null,
                "entityMappings": [
                    {
                        "entityType": "Host",
                        "fieldMappings": [
                            {
                                "identifier": "HostName",
                                "columnName": "DeviceName"
                            }
                        ]
                    },
                    {
                        "entityType": "Account",
                        "fieldMappings": [
                            {
                                "identifier": "Name",
                                "columnName": "DeviceName"
                            }
                        ]
                    }
                ],
                "sentinelEntitiesMappings": null,
                "templateVersion": null
            }
        },
        {
            "name": "[concat(parameters('workspace'),'/Microsoft.SecurityInsights/306f9f40-049c-4eff-973b-ac727d26adc8')]",
            "type": "Microsoft.OperationalInsights/workspaces/providers/alertRules",
            "kind": "Scheduled",
            "apiVersion": "2023-12-01-preview",
            "properties": {
                "displayName": "Unauthorized RMM Tool Execution",
                "description": "LogMeIn and ConnectWise ScreenConnect - This rule focuses on the Process Execution logs. It detects when the executable files for these services are launched.",
                "severity": "High",
                "enabled": true,
                "query": "// Title: Detect LogMeIn and ScreenConnect Execution\r\n// Description: Detects the execution of legitimate RMM tools (LogMeIn, ScreenConnect) which may be used for persistence by attackers.\r\n// Tactics: Command and Control (T1219)\r\n// Severity: Medium (High if these tools are not authorized in your org)\r\n\r\nlet TargetProcesses = dynamic([\r\n    \"ScreenConnect.ClientService.exe\",\r\n    \"ScreenConnect.WindowsClient.exe\",\r\n    \"ScreenConnect.Service.exe\",\r\n    \"Elsinore.ScreenConnect.Client.exe\",\r\n    \"LogMeIn.exe\",\r\n    \"LogMeInSystray.exe\",\r\n    \"LMIGuardian.exe\",\r\n    \"ra_service.exe\",    // LogMeIn Rescue\r\n    \"LMI_Rescue.exe\"     // LogMeIn Rescue\r\n]);\r\nlet TargetCmdLines = dynamic([\r\n    \"screenconnect\",\r\n    \"logmein\",\r\n    \"logmeinrescue\"\r\n]);\r\nunion isfuzzy=true\r\n(\r\n    DeviceProcessEvents\r\n    | where Timestamp > ago(24h)\r\n    | where FileName has_any (TargetProcesses) or ProcessCommandLine has_any (TargetCmdLines)\r\n    | project TimeGenerated=Timestamp, DeviceName, AccountName, FileName, ProcessCommandLine, InitiatingProcessFileName, Type=\"DeviceProcessEvents\"\r\n),\r\n(\r\n    SecurityEvent\r\n    | where TimeGenerated > ago(24h)\r\n    | where EventID == 4688\r\n    | where Process has_any (TargetProcesses) or CommandLine has_any (TargetCmdLines)\r\n    | project TimeGenerated, DeviceName=Computer, AccountName=SubjectUserName, FileName=Process, ProcessCommandLine=CommandLine, InitiatingProcessFileName=ParentProcessName, Type=\"SecurityEvent\"\r\n)\r\n| summarize StartTime = min(TimeGenerated), EndTime = max(TimeGenerated), Count = count() by DeviceName, AccountName, FileName, ProcessCommandLine, InitiatingProcessFileName\r\n| extend AccountCustomEntity = AccountName\r\n| extend HostCustomEntity = DeviceName",
                "queryFrequency": "PT1H",
                "queryPeriod": "PT1H",
                "triggerOperator": "GreaterThan",
                "triggerThreshold": 0,
                "suppressionDuration": "PT5H",
                "suppressionEnabled": false,
                "startTimeUtc": null,
                "tactics": [
                    "CommandAndControl"
                ],
                "techniques": [
                    "T1219"
                ],
                "subTechniques": [],
                "alertRuleTemplateName": null,
                "incidentConfiguration": {
                    "createIncident": true,
                    "groupingConfiguration": {
                        "enabled": true,
                        "reopenClosedIncident": false,
                        "lookbackDuration": "PT5H",
                        "matchingMethod": "AllEntities",
                        "groupByEntities": [],
                        "groupByAlertDetails": [],
                        "groupByCustomDetails": []
                    }
                },
                "eventGroupingSettings": {
                    "aggregationKind": "SingleAlert"
                },
                "alertDetailsOverride": null,
                "customDetails": null,
                "entityMappings": [
                    {
                        "entityType": "Host",
                        "fieldMappings": [
                            {
                                "identifier": "HostName",
                                "columnName": "DeviceName"
                            }
                        ]
                    },
                    {
                        "entityType": "Account",
                        "fieldMappings": [
                            {
                                "identifier": "Name",
                                "columnName": "AccountName"
                            }
                        ]
                    }
                ],
                "sentinelEntitiesMappings": null,
                "templateVersion": null
            }
        },
        {
            "name": "[concat(parameters('workspace'),'/Microsoft.SecurityInsights/Netsh_PortProxy')]",
            "type": "Microsoft.OperationalInsights/workspaces/providers/alertRules",
            "kind": "Scheduled",
            "apiVersion": "2023-12-01-preview",
            "properties": {
                "displayName": "[Lateral Movement] RDP Port Forwarding via Netsh",
                "description": "Detects use of netsh portproxy to tunnel RDP (T1090).",
                "severity": "High",
                "enabled": true,
                "query": "DeviceProcessEvents | where FileName =~ 'netsh.exe' | where ProcessCommandLine has_all ('interface', 'portproxy', 'add', 'v4tov4')",
                "queryFrequency": "PT1H",
                "queryPeriod": "PT1H",
                "triggerOperator": "GreaterThan",
                "triggerThreshold": 0,
                "suppressionDuration": "PT1H",
                "suppressionEnabled": false,
                "startTimeUtc": null,
                "tactics": [
                    "LateralMovement",
                    "CommandAndControl"
                ],
                "techniques": [
                    "T1090"
                ],
                "subTechniques": [],
                "alertRuleTemplateName": null,
                "incidentConfiguration": {
                    "createIncident": true,
                    "groupingConfiguration": {
                        "enabled": false,
                        "reopenClosedIncident": false,
                        "lookbackDuration": "PT5M",
                        "matchingMethod": "AllEntities",
                        "groupByEntities": [],
                        "groupByAlertDetails": null,
                        "groupByCustomDetails": null
                    }
                },
                "eventGroupingSettings": {
                    "aggregationKind": "SingleAlert"
                },
                "alertDetailsOverride": null,
                "customDetails": null,
                "entityMappings": null,
                "sentinelEntitiesMappings": null,
                "templateVersion": null
            }
        },
        {
            "name": "[concat(parameters('workspace'),'/Microsoft.SecurityInsights/9de6078a-a151-4b25-abc0-6c51c093a13d')]",
            "type": "Microsoft.OperationalInsights/workspaces/providers/alertRules",
            "kind": "Scheduled",
            "apiVersion": "2023-12-01-preview",
            "properties": {
                "displayName": "Mass File Exfiltration to USB",
                "description": "Mass File Exfiltration to USB",
                "severity": "High",
                "enabled": true,
                "query": "let USB_Mounts = DeviceEvents\r\n| where ActionType == \"UsbDriveMounted\"\r\n| extend DriveLetter = tostring(parse_json(AdditionalFields).DriveLetter)\r\n| where isnotempty(DriveLetter)\r\n| project TimeGenerated, DeviceName, DriveLetter, DeviceId;\r\nDeviceFileEvents\r\n| where ActionType == \"FileCreated\"\r\n| extend DriveLetter = substring(FolderPath, 0, 1)\r\n// Join file creation events with USB mount events on the same device and drive letter\r\n| join kind=inner (USB_Mounts) on DeviceId, DriveLetter\r\n// Ensure the file creation happened AFTER the mount\r\n| where TimeGenerated >= TimeGenerated1\r\n| summarize FileCount = count(), Files = make_list(FileName, 50) by DeviceName, InitiatingProcessAccountName, DriveLetter, bin(TimeGenerated, 15m)\r\n// Threshold: Alert if more than 20 files are copied in 15 minutes\r\n| where FileCount > 20\r\n| extend HostCustomEntity = DeviceName, AccountCustomEntity = InitiatingProcessAccountName",
                "queryFrequency": "PT1H",
                "queryPeriod": "PT1H",
                "triggerOperator": "GreaterThan",
                "triggerThreshold": 0,
                "suppressionDuration": "PT5H",
                "suppressionEnabled": false,
                "startTimeUtc": null,
                "tactics": [
                    "Exfiltration"
                ],
                "techniques": [
                    "T1052"
                ],
                "subTechniques": [
                    "T1052.001"
                ],
                "alertRuleTemplateName": null,
                "incidentConfiguration": {
                    "createIncident": true,
                    "groupingConfiguration": {
                        "enabled": true,
                        "reopenClosedIncident": false,
                        "lookbackDuration": "PT5H",
                        "matchingMethod": "AllEntities",
                        "groupByEntities": [],
                        "groupByAlertDetails": [],
                        "groupByCustomDetails": []
                    }
                },
                "eventGroupingSettings": {
                    "aggregationKind": "SingleAlert"
                },
                "alertDetailsOverride": null,
                "customDetails": null,
                "entityMappings": [
                    {
                        "entityType": "Host",
                        "fieldMappings": [
                            {
                                "identifier": "HostName",
                                "columnName": "HostCustomEntity"
                            }
                        ]
                    },
                    {
                        "entityType": "Account",
                        "fieldMappings": [
                            {
                                "identifier": "Name",
                                "columnName": "AccountCustomEntity"
                            }
                        ]
                    }
                ],
                "sentinelEntitiesMappings": null,
                "templateVersion": null
            }
        },
        {
            "name": "[concat(parameters('workspace'),'/Microsoft.SecurityInsights/e6bac5e5-0930-47b9-9747-6faea8c29f95')]",
            "type": "Microsoft.OperationalInsights/workspaces/providers/alertRules",
            "kind": "Scheduled",
            "apiVersion": "2023-12-01-preview",
            "properties": {
                "displayName": "PsExec (Lateral Movement)",
                "description": "Suspicious Service Execution via SC.exe Description: Detects the use of sc.exe to manually start a service, often used after persistence is established or for lateral movement execution. Data Source: DeviceProcessEvents (Defender for Endpoint)",
                "severity": "High",
                "enabled": true,
                "query": "DeviceProcessEvents\r\n| where FileName =~ \"sc.exe\"\r\n| where ProcessCommandLine has \"start\"\r\n// Filter out legitimate system services if needed\r\n| where ProcessCommandLine !has \"windefend\" \r\n| project TimeGenerated, DeviceName, AccountName, ProcessCommandLine, InitiatingProcessFileName",
                "queryFrequency": "PT1H",
                "queryPeriod": "PT1H",
                "triggerOperator": "GreaterThan",
                "triggerThreshold": 0,
                "suppressionDuration": "PT5H",
                "suppressionEnabled": false,
                "startTimeUtc": null,
                "tactics": [
                    "LateralMovement",
                    "Execution",
                    "CredentialAccess"
                ],
                "techniques": [
                    "T1569",
                    "T1110"
                ],
                "subTechniques": [
                    "T1110.003"
                ],
                "alertRuleTemplateName": null,
                "incidentConfiguration": {
                    "createIncident": true,
                    "groupingConfiguration": {
                        "enabled": true,
                        "reopenClosedIncident": false,
                        "lookbackDuration": "PT5H",
                        "matchingMethod": "AllEntities",
                        "groupByEntities": [],
                        "groupByAlertDetails": [],
                        "groupByCustomDetails": []
                    }
                },
                "eventGroupingSettings": {
                    "aggregationKind": "SingleAlert"
                },
                "alertDetailsOverride": null,
                "customDetails": null,
                "entityMappings": [
                    {
                        "entityType": "Host",
                        "fieldMappings": [
                            {
                                "identifier": "HostName",
                                "columnName": "DeviceName"
                            }
                        ]
                    },
                    {
                        "entityType": "Account",
                        "fieldMappings": [
                            {
                                "identifier": "Name",
                                "columnName": "AccountName"
                            }
                        ]
                    },
                    {
                        "entityType": "Process",
                        "fieldMappings": [
                            {
                                "identifier": "CommandLine",
                                "columnName": "ProcessCommandLine"
                            }
                        ]
                    }
                ],
                "sentinelEntitiesMappings": null,
                "templateVersion": null
            }
        }
    ]
}